ioObject,id,driverId
MFC1,1,1
RoughValve,2,1
Vent,3,1
Manometer1_iso_valve,4,1
Foreline_Pmp,5,1
Gate_valve,6,1
MFC2,7,1
MFC3,8,1
MFC4,9,1
MFC5,10,1
MFC6,11,1
MFC7,12,2
MFC8,13,2
MFC9,14,2
MFC10,15,2
MFC11,16,2
MFC12,17,2
DownStreamValve1,18,1
DownStreamValve2,19,1
DownStreamValve3,20,1
DownStreamValve4,21,1
DownStreamValve5,22,1
DownStreamValve6,23,1
UpStreamValve1,24,1
UpStreamValve2,25,1
UpStreamValve3,26,1
UpStreamValve4,27,1
UpStreamValve5,28,1
UpStreamValve6,29,1
DownStreamValve7,30,2
DownStreamValve8,31,2
DownStreamValve9,32,2
DownStreamValve10,33,2
DownStreamValve11,34,2
DownStreamValve12,35,2
UpStreamValve7,36,2
UpStreamValve8,37,2
UpStreamValve9,38,2
UpStreamValve10,39,2
UpStreamValve11,40,2
UpStreamValve12,41,2
Alarm,42,3
Interlock,43,3
Timer,44,3
SetPointTolerance,45,3
MFC1,1,3
MFC2,7,3
MFC3,8,3
MFC4,9,3
MFC,46,3
Recipe,47,1
Recipe,47,3
ISON2VentValve,48,1
ISORoughLineValve,49,1
ISORoughPump,50,1
ISOChmbrPrValve,51,1
WaterFlow,52,3
ISOChmbrBrValve,53,1
ISOChmbrBr10TorrGauge,54,1
LP1,55,3
LP2,56,3
ATM1,57,3
LLA,58,3
LLB,59,3
ATM2,60,3
PM1,61,3
PM2,62,3
PM3,63,3
PM4,64,3
FinalValve,65,1
Susceptor,66,3
RFMatch,67,3
RFPowerSupply,68,3
ISOThrottleValve,69,1
Sequence,70,3
RPSPower,71,3
ISOChmbrPrGauge,72,3
Chuck_Motor,73,1
VTM,74,4
LLA,58,4
LLB,59,4
ISO,75,4
PhneumaticValve,76,1
RPSPowerSupply,77,1
ISOPiraniGuage,78,1
ISOBias_Power,79,1
DicingChamberBias_Power,80,2
DicingChamberThrottleValve,81,2
DicingChamberPiraniGuage,82,2
DicingChamberManometer,83,2
DicingChamberPiraniGuage,82,3
Chuck_Motor,73,3
DicingChamberServoMotor,84,2
DicingChamberServoMotor,84,3
ISO_RF_Match,85,1
DicingChamberSource_Power,86,2
DicingChamberSlit_Port,87,2
ISOSlit_ValveSlit_Port,88,2
LOADLOCK_A,89,2
